<?xml version="1.0" encoding="UTF-8"?>
<TEI xmlns="http://www.tei-c.org/ns/1.0">
 <teiHeader>
  <fileDesc>
   <titleStmt>
    <title>Poker!</title>
    <author>Zora Neale Hurston</author>
    <respStmt>
     <resp>TEI generated by GutenTag v0.1.5 <link target="http://www.projectgutentag.org" /></resp>
     <resp>Source text from Project Gutenberg <link target="http://www.gutenberg.org/cache/epub/15902/pg15902.txt" /> </resp>
     <resp>Project GutenTag is directed by </resp>
     <persName>Julian Brooke</persName>
     <persName>Adam Hammond</persName>
    </respStmt>
   </titleStmt>
   <publicationStmt>
    <distributor>GutenTag</distributor>
    <availability>
     <p>GutenTag claims no copyright over this text, which is derived from a text from Project Gutenberg. The standard Project Gutenberg statement follows:</p>
     <p>This eBook is for the use of anyone anywhere at no cost and with almost no restrictions whatsoever.  You may copy it, give it away or re-use it under the terms of the Project Gutenberg License included at www.gutenberg.org</p>
    </availability>
   </publicationStmt>
   <sourceDesc>
    <biblStruct>
     <monogr>
      <author>
       <forename>Zora Neale</forename>
       <surname>Hurston</surname> 
      </author>
      <title>Poker!</title>
      <imprint>
       <pubPlace>
        <country>U.S.A.</country>
        <settlement>U.S.A.</settlement>
       </pubPlace>
       <publisher></publisher>
       <date>1931</date>
      </imprint>
     </monogr>
    </biblStruct>
    <listPerson type="author_metadata">
     <person>
      <persName>
       <forename>Zora Neale</forename>
       <surname>Hurston</surname>
      </persName>
      <sex>F</sex>
      <birth>
       <date>1901</date>
       <placeName>Notasulga, Alabama, U.S.</placeName>
      </birth>
      <death>
       <date>1960</date>
       <placeName>Fort Pierce, Florida, U.S.</placeName>
      </death>
      <nationality>American</nationality>
     </person>
    </listPerson>
   </sourceDesc>
  </fileDesc>
  <profileDesc>
   <langUsage>
    <language ident="en">English</language>
   </langUsage>
   <textClass>
    <classCode scheme="#lc"></classCode>
   </textClass>
  </profileDesc>
 </teiHeader>
 <text>
  <front>
   <titlePage>
    <docImprint>There are pencilled notations possibly by Ms. Hurston herself . These pencilled edits have been transcribed as *[ Handwritten : ( text )]] Copyright<date>1931</date>by Zora *[ Handwritten : Neale ] Hurston</docImprint>
    <docTitle><titlePart>POKER ! Time — Present</titlePart></docTitle>
    <docImprint>Place —<settlement>New York</settlement>Cast of characters — Nunkie Too-Sweet Peckerwood Black Baby Sack Daddy Tush Hawg Aunt Dilsey</docImprint>
   </titlePage>
  </front>
  <body>
   <sp>
    <speaker>SCENE —</speaker>
    <p>A shabby front room in a shotgun house . A door covered by dingy portieres upstage C. Small panel window in side Wall L. Plain centre table with chairs drawn up about it . Gaudy calendars on wall . Battered piano against wall R. Kerosene lamp with reflector against wall on either side of room . At rise of curtain NUNKIE is at piano playing .... Others at table with small stacks of chips before each man . TUSH HAWG is seated at table so that he faces audience . He is expertly riffing the cards ... looks over his shoulder and speaks to NUNKIE .</p>
   </sp>
   <sp>
    <speaker>TUSH HAWG</speaker>
    <p>Come on here , Nunkie — and take a hand ! You 're holding up the game . You been woofin ’ round here about the poker you can play — now do it !</p>
   </sp>
   <sp>
    <speaker>NUNKIE</speaker>
    <p>Yeah , I plays poker . I plays the piano and Gawd knows I plays the devil . I 'm Uncle Bob with a wooden leg ! *<stage>Handwritten : Last sentence crossed out in pencil in manuscript .</stage></p>
   </sp>
   <sp>
    <speaker>BLACK BABY</speaker>
    <p>Aw , you can be had ! Come on and get in the game ! My britches is cryin ’ for your money ! Come on , do n't give the healer no trouble ! *<stage>Handwritten : last sentence crossed out in pencil</stage></p>
   </sp>
   <sp>
    <speaker>NUNKIE</speaker>
    <p>Soon as I play the deck I 'm comin ’ and take you alls money ! Don ’ rush me . Ace means the first time that I met you Duece means there was nobody there but us two Trey means the third party — Charlie was his name Four spot means the fourth time you tried that same old game — Five spot means five years you played me for a clown Six spot means six feet of earth when the deal goes down Now I 'm holding the seven spot for each day of the week Eight means eight hours that she Sheba-ed with your Sheik — Nine spot means nine hours that I work hard every day — Ten spot means tenth of every month I brought you home my pay — The Jack is three-card Charlie who played me for a goat The Queen , that 's my pretty Mama , also trying to cut my throat — The King stands for Sweet Papa Nunkie and he 's goin ’ to wear the crown , So be careful you all ai n't broke when the deal goes down !<stage>He laughs — X'es to table , bringing piano stool for seat</stage></p>
   </sp>
   <sp>
    <speaker>TUSH HAWG</speaker>
    <p>Aw now , brother , two dollars for your seat before you try to sit in this game .</p>
   </sp>
   <sp>
    <speaker>NUNKIE</speaker>
    <p><stage>Laughs sheepishly — puts money down — TUSH HAWG pushes stack of chips toward him . Bus .</stage>I did n't put it down because I knew you all goin ’ to be puttin ’ it right back in my pocket .</p>
   </sp>
   <sp>
    <speaker>BECKERWOOD</speaker>
    <p>Aw , Y'all go ahead and play .<stage>to TUSH HAWG</stage>Deal !<stage>TUSH HAWG begins to deal for draw poker . The game gets tense . SACK DADDY is first man at TUSH 's left — he throws back three cards and is dealt three more</stage></p>
   </sp>
   <sp>
    <speaker>SACK DADDY</speaker>
    <p>My luck sure is rotten ! My gal must be cheatin ’ on me . I ai n't had a pair since John Henry had a hammer !</p>
   </sp>
   <sp>
    <speaker>BLACK BABY</speaker>
    <p><stage>Drawing three new cards</stage>You might be fooling the rest with the cryin ’ you 're doin ’ but I 'm squattin ’ for you ! You 're cryin ’ worse than cryin ’ Emma !</p>
   </sp>
   <sp>
    <speaker>TOO-SWEET</speaker>
    <lg>
     <stage>Studying his three new cards</stage>
     <stage>Sings</stage>
     <l>When yo ’ cards gets lucky , oh Partner , you oughter be in a rollin ’ game .</l>
     <l>*</l>
     <stage>Handwritten : get you foot offa my chair etc</stage>
    </lg>
   </sp>
   <sp>
    <speaker>AUNT DILSEY</speaker>
    <p><stage>Enters through portieres — stands and looks disapprovingly</stage>You all oughter be ashamed of yourself , gamblin ’ and carryin ’ on like this !</p>
   </sp>
   <sp>
    <speaker>BLACK BABY</speaker>
    <p>Aw , this ai n't no harm , Aunt Dilsey ! You go on back to bed and git your night 's rest .</p>
   </sp>
   <sp>
    <speaker>AUNT DILSEY</speaker>
    <p>No harm ! I know all about these no-harm sins ! If you do n't stop this card playin ’ , all of you all goin ’ to die and go to Hell .<stage>Shakes warning finger — exits through portieres — while she is talking the men have been hiding cards out of their hands and pulling aces out of sleeves and vest pockets and shoes — it is done quickly , one does not see the other do it</stage></p>
   </sp>
   <sp>
    <speaker>NUNKIE</speaker>
    <lg>
     <stage>Shoving a chip forward</stage>
     <l>A dollar !</l>
    </lg>
   </sp>
   <sp>
    <speaker>SACK DADDY</speaker>
    <p>Raise you two !</p>
   </sp>
   <sp>
    <speaker>BLACK BABY</speaker>
    <p>I do n't like to strain with nobody but it 's goin ’ to cost you five . Come on , you shag-nags ! This hand I got is enough to pull a country man into town . *<stage>Handwritten : Last sentence crossed through in pencil .</stage></p>
   </sp>
   <sp>
    <speaker>TOO-SWEET</speaker>
    <p>You all act like you 're spuddin ’ ! Bet some money ! Put your money where your mouth is *<stage>Handwritten : els my fist where yo mouf is .</stage></p>
   </sp>
   <sp>
    <speaker>TUSH HAWG</speaker>
    <p>Twenty-five dollars to keep my company ! Dog-gone , I 'm spreadin ’ my knots !</p>
   </sp>
   <sp>
    <speaker>SACK DADDY</speaker>
    <p>And I bet you a fat man I 'll take your money — I call you .<stage>Turns up his cards — he has four aces and king</stage></p>
   </sp>
   <sp>
    <speaker>TUSH HAWG</speaker>
    <p><stage>showing his cards</stage>Youse a liar ! I ai n't dealt you no aces . Do n't try to carry the Pam-Pam to me ‘ cause I 'll gently chain-gang for you !</p>
   </sp>
   <sp>
    <speaker>SACK DADDY</speaker>
    <p>Oh yeah ! I ai n't goin ’ to fit no jail for you and nobody else . I 'm to get me a green club and season it over your head . Then I 'll give my case to Miss Bush and let Mother Green stand my bond ! I got deal them aces !</p>
   </sp>
   <sp>
    <speaker>NUNKIE</speaker>
    <p>That 's a lie ! Both of you is lyin ’ ! Lyin ’ like the cross-ties from New York to Key West ! How can you all hold aces when I got four ? Somebody is goin ’ to West hell before midnight !</p>
   </sp>
   <sp>
    <speaker>BECKERWOOD</speaker>
    <p>Do n't you woof at Tush Hawg . If you do I 'm goin ’ to bust hell wide open with a man !</p>
   </sp>
   <sp>
    <speaker>BLACK BABY</speaker>
    <lg>
     <stage>Pulls out razor — Bus .</stage>
     <l>My chop-axe tells me I got the only clean aces they is on this table !</l>
     <l>Before I 'll leave you all rob me outa my money , I 'm goin ’ to die it off !</l>
    </lg>
   </sp>
   <sp>
    <speaker>TOO-SWEET</speaker>
    <p>I promised the devil one man and I 'm goin ’ to give him five !<stage>Draws gun</stage></p>
   </sp>
   <sp>
    <speaker>TUSH HAWG</speaker>
    <p>Do n't draw your bosom on me ! God sent me a pistol and I 'm goin ’ to send him a man !<stage>FIRES . Bus . for all</stage></p>
   </sp>
   <sp>
    <speaker>AUNT DILSEY</speaker>
    <lg>
     <stage>Enters after shooting bus . Stands . Bus . drops to chair</stage>
     <l>They would n't lissen —</l>
     <stage>Looks men over — Bus .</stage>
     <l>It sure is goin ’ to be a whole lot tougher in hell now !</l>
    </lg>
   </sp>
   <stage>CURTAIN</stage>
  </body>
 </text>
</TEI>